X,47426121,C,G
4,55152092,G,T
7,55242455,T,C
7,55259434,G,A
7,55259454,C,G
7,55259524,T,A
7,55249005,G,T
7,55241708,G,C
9,133738349,G,A
9,133748290,C,G
9,133748391,T,C
3,178936082,G,A
3,178936091,G,A
17,7577570,C,A
17,7577580,T,C
3,178952085,A,G
17,7578461,C,A
17,7577093,C,A
17,7578211,C,G
10,43609950,C,G
10,43617416,T,C
2,198267359,C,A
3,178952085,A,T
11,108142131,T,G
17,7578406,C,T
11,108180913,A,T
11,108206614,T,G
11,108170479,G,C
11,108186827,C,T
17,7577538,C,T
3,178916890,C,T
17,7577539,G,A
7,55249028,C,T
9,133747568,A,T
7,55259532,G,A
7,55259419,A,G
7,140453136,A,T
17,7577121,G,A
17,7577120,C,T
1,243859016,C,T
3,178916946,G,C
13,32890599,T,G
13,32890600,G,T
13,32900287,G,A
13,32921033,G,C
4,55599340,T,A
4,55599299,T,G
4,55599333,A,C
4,55599333,A,G
4,55595519,C,T
6,117638347,C,T
15,66727455,G,T
2,29443625,G,A
2,29436860,A,C
13,28592641,T,A
7,55241707,G,A
1,162724415,C,G
1,162729630,T,G
7,140453137,C,T
1,162729671,G,T
1,162741822,G,A
7,55241708,G,A
1,162745497,A,T
1,162748407,G,T
1,162748390,T,A
7,55259455,T,C
7,55259524,T,G
12,25398284,C,G
7,55259545,A,G
3,178917598,C,T
9,133748288,T,G
9,133747528,G,A
9,133753889,A,C
4,55599322,C,G
7,128846398,C,T
7,55242422,G,T
7,55242430,G,C
7,55249055,A,G
7,55249092,G,A
7,55249103,T,C
3,178921567,A,G
9,133748333,C,T
4,55594180,G,A
X,100611165,A,T
14,105243048,G,T
17,7578457,C,T
17,7578457,C,A
2,29443600,G,T
X,66943549,T,C
7,55249023,T,C
9,133748283,C,T
4,55593464,A,C
7,140481411,C,A
8,68939530,G,T
10,104852955,C,T
1,36933434,G,A
10,104852980,T,G
10,104850745,T,G
4,1807494,G,A
11,108218044,A,C
4,55141036,T,C
7,148508727,T,G
7,148508727,T,A
7,148508728,A,G
7,148508727,T,C
7,148508728,A,T
7,148506437,G,A
7,148506467,G,C
11,534285,C,T
7,116412025,C,G
7,140453145,A,C
3,178928226,C,T
18,60985598,C,A
7,128849189,G,C
9,133738363,G,A
3,178948091,G,A
13,28592642,C,A
2,29432682,C,G
18,60985590,A,T
7,55241722,G,A
12,25378561,G,A
7,55259515,T,G
7,55249071,C,T
17,37880261,G,C
17,37880261,G,T
7,6426892,C,T
17,37868205,G,C
17,37880220,T,C
14,105246551,C,T
17,37880220,T,G
7,55249091,T,A
17,37879658,G,A
2,209113112,C,T
9,133747520,A,G
12,25398284,C,A
1,115256530,G,T
17,37881616,C,T
17,74732959,G,A
17,74732959,G,T
2,29443631,G,T
2,29445258,C,T
17,37881000,G,T
7,55227926,G,A
17,37881332,G,A
9,133738357,T,C
7,55228009,C,A
7,55227884,C,T
7,55227933,A,C
9,133738330,A,G
9,133748414,T,G
7,55242487,C,T
9,133738364,A,T
9,133748414,T,A
9,133748403,A,G
9,133748415,T,G
9,133750356,A,G
9,133738342,C,G
9,133738356,G,C
9,133755488,T,C
9,133750358,G,C
9,133750431,A,G
9,133747588,G,C
9,133748282,A,G
4,55955969,C,T
4,55968180,T,A
6,152419926,A,G
1,11187094,G,T
6,152419923,A,G
6,152419922,T,A
17,37881404,C,A
6,152419923,A,C
4,55961059,G,A
2,29445213,A,G
2,29443679,C,G
12,25398285,C,G
1,11184573,G,T
1,11217230,C,T
1,11190804,C,T
2,29436859,A,C
12,58145431,G,A
2,198266834,T,C
1,11187857,C,T
7,140453145,A,T
7,140453134,T,C
7,140453146,G,C
2,29445213,A,T
2,29445213,A,C
2,209113113,G,A
9,80409488,T,G
1,11177096,C,A
1,11187796,G,A
7,140453154,T,C
13,28592642,C,G
15,66729154,G,C
4,1803568,C,G
7,116423407,G,A
4,55599321,A,T
7,140477794,A,T
6,152415537,T,C
7,140453149,C,A
12,56478854,G,A
12,56478851,C,G
12,56481922,G,A
7,55242511,G,T
4,55593661,T,C
7,55242500,A,G
7,55242467,A,G
4,55594258,T,C
12,25398285,C,A
12,56491672,T,C
12,25398284,C,T
7,116423408,A,T
2,29443695,G,T
12,25398281,C,T
15,66729162,C,T
1,65311203,C,A
X,47429340,T,A
20,57484420,C,T
15,66727451,A,C
4,55141083,C,T
4,55152090,G,A
4,55152101,C,T
4,55152126,G,A
X,100613633,T,C
17,37881392,A,G
17,37880989,T,C
17,37881378,A,G
17,37881440,C,T
1,115258747,C,T
17,7577548,C,T
3,178936092,A,G
1,115256528,T,G
1,115258745,C,G
1,115258748,C,A
2,29432664,C,T
11,108204681,A,G
11,108236086,C,T
12,25378562,C,G
12,25378562,C,T
12,25380275,T,G
12,25380276,T,A
12,25380276,T,C
12,25380277,G,T
12,25398285,C,T
17,7577120,C,A
17,7578190,T,C
1,115258744,C,T
3,178921553,T,A
3,178927980,T,C
3,178952090,G,C
4,55141036,T,A
1,115256529,T,A
1,115256529,T,C
4,55593610,T,A
4,55593613,T,A
4,55593613,T,G
4,55594221,A,G
4,55599320,G,C
4,55599332,G,T
4,55599341,T,G
4,55152093,A,T
4,55602664,G,C
7,140481402,C,T
7,55211080,G,A
7,55221743,A,C
7,55221822,C,T
7,55233043,G,T
